rank,LG,WR,LR,WF,physics_fc,lambda_g_mm,WR_lambda_ratio,LG_lambda_ratio,WF_lambda_ratio,physics_score,known_in_old_dataset,prob_resonant,pred_BW,bw_model_std,pred_FL,fl_model_std,pred_FU,fu_model_std,pred_fc,pred_frac_bw,pred_in_4p5_9GHz,expected_BW,confidence_penalty,combined_score
1,5.5,12.25,3.0,3.5,7.0,19.642857142857146,0.6236363636363635,0.27999999999999997,0.17818181818181816,0.8919270155254131,False,0.5757788252444105,3.232973062058261,0.10861323590729398,5.302117760319186,0.036932427504414285,8.361221416396729,0.1987556303758662,6.831669588357958,0.47323322948282837,1,1.8614774317187301,0.9020278376719862,1.624664713452841
2,5.5,12.25,3.0,3.6,7.0,19.642857142857146,0.6236363636363635,0.27999999999999997,0.18327272727272725,0.9135714279441176,False,0.5678958060287237,3.2365172591860425,0.15576012734024502,5.273089641258705,0.018454551597293187,8.307270882486606,0.15822776000424596,6.790180261872655,0.47664673607552316,1,1.8380045776313332,0.8652314406288645,1.5490651580344892
3,6.5,12.25,3.3,3.6,6.8,20.22058823529412,0.6058181818181818,0.32145454545454544,0.17803636363636363,0.8606401568295927,False,0.5762663345438965,2.818400259099426,0.026640773760171512,5.402525376280929,0.047677237836487835,8.118692676945042,0.059331978650042264,6.760609026612985,0.4168855569083875,1,1.6241491865887945,0.9740505399346286,1.515863068744466
4,6.0,12.25,3.3,4.4,6.7,20.522388059701495,0.5969090909090908,0.2923636363636363,0.2144,0.7052178944786963,False,0.5791004995665333,2.9296163108436746,0.02103165122166945,5.115415884238845,0.006040364746064227,7.984778623037997,0.10927551121158655,6.550097253638421,0.44726302486827096,1,1.6965422691478362,0.9794015678196606,1.5146535140569282
5,6.5,12.25,3.3,3.7,6.7,20.522388059701495,0.5969090909090908,0.3167272727272727,0.18029090909090909,0.883013893111514,False,0.5769747180529343,2.814871377629068,0.038246654441754645,5.355739394514682,0.0449663473689915,8.104051605530096,0.12517465197731753,6.729895500022389,0.4182637572336307,1,1.6241096194628064,0.9631622656541869,1.5093813539356729
6,6.5,12.25,3.0,3.7,6.7,20.522388059701495,0.5969090909090908,0.3167272727272727,0.18029090909090909,0.883013893111514,False,0.5763139255332582,2.8028574221176488,0.04247143216706389,5.399637079281943,0.05435931156602087,8.011430895914621,0.0680022125832817,6.705533987598282,0.41799168079700494,1,1.6153257636506508,0.9592589006695605,1.4951340764098942
7,6.0,12.25,3.3,3.9,6.8,20.22058823529412,0.6058181818181818,0.2967272727272727,0.19287272727272725,0.9787914881407597,False,0.5767055383044217,2.680063895178332,0.0348796873067841,5.23378711961928,0.01798739149485713,7.836682471912655,0.08209511055129527,6.535234795765968,0.41009450753241267,1,1.5456076913590653,0.9662959011230026,1.4840118116920944
8,6.5,12.25,3.0,3.5,6.8,20.22058823529412,0.6058181818181818,0.32145454545454544,0.17309090909090907,0.8238224767597898,False,0.577371488223218,2.7291239922724655,0.013168837480508063,5.4318537619206175,0.0259892809239441,8.038577027562361,0.038216849468276436,6.7352153947414894,0.4052021846848767,1,1.5757183809640436,0.987002326765936,1.4730383300878618
9,6.0,12.25,3.3,3.5,6.9,19.92753623188406,0.6147272727272727,0.3010909090909091,0.17563636363636362,0.9494338368080094,False,0.5751036075885247,2.809555502451081,0.09299265790050029,5.327550711175482,0.03974139664235884,7.941052128566133,0.1044386985607717,6.634301419870807,0.42348927560571903,1,1.6157855051798071,0.9149192291198668,1.4558874404289135
10,5.5,12.25,3.0,3.7,7.0,19.642857142857146,0.6236363636363635,0.27999999999999997,0.18836363636363634,0.9165392901817108,False,0.5773905427117051,2.7190500573562515,0.0634570554215657,5.238563913154041,0.02875402381942331,7.8433347741057915,0.05350221376990421,6.540949343629917,0.4156965471692994,1,1.569953788277219,0.9403294612621563,1.4393105421685284
11,6.5,12.25,3.3,3.5,6.8,20.22058823529412,0.6058181818181818,0.32145454545454544,0.17309090909090907,0.8238224767597898,False,0.5785857795964846,2.722092851004599,0.03883509183287877,5.401473517770634,0.027420975337208928,8.050297440320108,0.004681450264887489,6.72588547904537,0.40471888192050454,1,1.5749642143325135,0.9626166923526238,1.4359567150919585
12,6.5,12.25,3.0,3.6,6.8,20.22058823529412,0.6058181818181818,0.32145454545454544,0.17803636363636363,0.8606401568295927,False,0.5689213143279812,2.7639502635077937,0.052748104735640074,5.412479057956905,0.04542131955389663,8.053757963076961,0.06983022169963926,6.733118510516933,0.4105007596688793,1,1.572470216652024,0.9498948471164562,1.4312335961844889
13,6.5,11.75,3.3,3.7,6.9,19.92753623188406,0.5896363636363636,0.3261818181818182,0.18567272727272727,0.7846682639115818,False,0.5684482990027224,2.7628378510818443,0.03338737922296907,5.58049830039136,0.03619330724537563,8.249885666087756,0.08338758580669633,6.915191983239558,0.3995316193358291,1,1.5705304768678112,0.9676913228337722,1.4216110919830778
14,6.0,12.25,3.3,4.5,6.6,20.833333333333336,0.588,0.288,0.21599999999999997,0.6356681204216916,False,0.5805252777279157,2.760860159436344,0.009294105507198534,5.13114687522262,0.048682257967749006,7.8520509735011235,0.09834892222965426,6.491598924361872,0.4252974023202979,1,1.6027491108247214,0.9907914794543183,1.414423530488725
15,6.5,12.25,3.0,3.4,6.8,20.22058823529412,0.6058181818181818,0.32145454545454544,0.16814545454545451,0.7733004352545925,False,0.5772970070671308,2.8248297187972344,0.08055869600693503,5.479761225646598,0.03116286390627177,8.122970893575118,0.05739015058651203,6.801366059610858,0.4153326984665868,1,1.6307657421359283,0.9254471818100864,1.4065479113436266
16,6.0,12.25,3.3,3.6,6.9,19.92753623188406,0.6147272727272727,0.3010909090909091,0.18065454545454546,0.9822691910530436,False,0.5623672331259963,2.692662702719199,0.07822219903130158,5.285698367553806,0.017581701821307884,7.864093483057546,0.054260342825317776,6.574895925305676,0.40953693158177457,1,1.5142652738697633,0.9274526168153668,1.3969388969575816
17,6.5,12.25,3.3,3.3,6.8,20.22058823529412,0.6058181818181818,0.32145454545454544,0.16319999999999998,0.7118122526450944,False,0.5746800230897587,2.681188087001392,0.017410545044637696,5.476850647130967,0.018334056413141318,8.038929897549265,0.0468945657232654,6.757890272340116,0.3967492780957736,1,1.540825231745946,0.9828873947400713,1.3835232520642384
18,6.5,11.75,3.3,3.5,7.0,19.642857142857146,0.598181818181818,0.3309090909090909,0.17818181818181816,0.7540248576931181,False,0.5717931634000468,2.671368432150101,0.023310439774947487,5.631160160146824,0.047610986952613,8.162869637848324,0.10826376836355256,6.897014898997574,0.3873224099513491,1,1.5274702064261294,0.9772205590123032,1.3825269840095775
19,6.0,12.25,3.3,4.6,6.6,20.833333333333336,0.588,0.288,0.22079999999999997,0.5626290097520912,False,0.5801564325250759,3.0273629778372007,0.10904749413403146,5.097250797093213,0.01378229747016332,8.02955938730972,0.19835023148902448,6.5634050922014655,0.46124883887393536,1,1.7563441051805206,0.9016746399853885,1.3758580449454114
20,6.0,12.25,3.0,4.4,6.7,20.522388059701495,0.5969090909090908,0.2923636363636363,0.2144,0.7052178944786963,False,0.5801208091210914,3.0188428206048217,0.16345231888536424,5.140164528592142,0.0180567213626451,8.067634094940981,0.2160090580727407,6.603899311766561,0.4571303525518582,1,1.751293539698667,0.8595109432228745,1.3721392056037442
21,6.0,12.25,3.3,3.4,6.9,19.92753623188406,0.6147272727272727,0.3010909090909091,0.1706181818181818,0.8993934361364382,False,0.5760686210186383,2.619986636109002,0.07129052558999668,5.364822276738124,0.0195408893867538,7.792912150328781,0.08967871133924642,6.578867213533453,0.3982428206970649,1,1.5092920885505736,0.93345360209292,1.3663321445653434
22,6.5,12.75,3.3,3.5,6.6,20.833333333333336,0.6119999999999999,0.31199999999999994,0.16799999999999998,0.8350305559992387,False,0.5803696068946597,2.7357805573718514,0.11076593568285635,5.213410144800285,0.05084098449514751,8.081033316814247,0.16384676526123296,6.647221730807266,0.41156751920769863,1,1.5877638866319543,0.9002796789813673,1.3586878031414578
23,6.5,12.75,3.3,3.6,6.6,20.833333333333336,0.6119999999999999,0.31199999999999994,0.17279999999999998,0.8886755184237456,False,0.5804377712993801,2.7178652979877347,0.12762409860653917,5.263643920951065,0.039912869378460475,8.13160815605309,0.15798539164968267,6.697626038502078,0.4057953194704768,1,1.5775516762559263,0.8868203519557177,1.3522818831067867
24,6.5,12.75,3.3,3.4,6.6,20.833333333333336,0.6119999999999999,0.31199999999999994,0.16319999999999998,0.7702941567482096,False,0.5814228212171377,2.7589030322682238,0.10498751779853026,5.319881818550325,0.043741144091768165,8.077415540335931,0.10454663866973338,6.698648679443128,0.4118596398009004,1,1.6040891844859066,0.9049875984050054,1.351642948718085
25,6.5,12.25,3.3,4.1,6.6,20.833333333333336,0.588,0.31199999999999994,0.19679999999999995,0.8423028486313812,False,0.5814361753512907,2.7466978958156765,0.1360868633541442,5.321208009101709,0.029149022734958167,7.999321035511391,0.14092078711026676,6.66026452230655,0.41240072171554737,1,1.5970295193885047,0.8802143852342718,1.3392245493789128
26,6.5,12.25,3.0,4.2,6.6,20.833333333333336,0.588,0.31199999999999994,0.20159999999999997,0.8025639030708811,False,0.5812904630174313,2.6806287660443155,0.09594690843926687,5.4655135980985055,0.11583253835887007,7.981687865397188,0.14287367889842478,6.723600731747847,0.39868946313048953,1,1.5582239365917456,0.9124529594449933,1.337591291739404
27,6.5,12.75,3.0,3.3,6.7,20.522388059701495,0.6212727272727272,0.3167272727272727,0.16079999999999997,0.7015813092924327,False,0.581226869081053,2.693295683495476,0.068383382500634,5.358709872767618,0.044757510432581006,7.984184342752609,0.11710367617109141,6.671447107760114,0.4037048694222098,1,1.5654158176275903,0.9359935921685928,1.3340445380934614
28,6.5,11.75,3.0,3.7,6.9,19.92753623188406,0.5896363636363636,0.3261818181818182,0.18567272727272727,0.7846682639115818,False,0.5629198892568857,2.776692222177738,0.10211989591556088,5.599389361109869,0.03821618396425631,8.236212287118928,0.12049549182860514,6.917800824114398,0.40138366119166263,1,1.5630552782087483,0.9073422988787194,1.3266094384372762
29,6.5,12.0,3.3,3.0,7.0,19.642857142857146,0.6109090909090908,0.3309090909090909,0.1527272727272727,0.5043890720110815,False,0.5779192554836656,2.7555044065869168,0.02299476045865749,5.6115594808771565,0.007275701710727183,8.355526384026927,0.03331224250356067,6.983542932452042,0.3945711271827768,1,1.5924590551366709,0.9775221131647361,1.325214042639533
30,6.0,12.25,3.0,3.0,7.0,19.642857142857146,0.6236363636363635,0.3054545454545454,0.1527272727272727,0.6104820631680623,False,0.5733703307002758,2.6510287779711117,0.013118002635734524,5.409961972125831,0.025103720396510806,7.865996379689441,0.03835463841487262,6.6379791759076365,0.399372867512593,1,1.5200212471212442,0.9870518512141659,1.3250170084758521
31,6.5,11.75,3.3,3.4,7.0,19.642857142857146,0.598181818181818,0.3309090909090909,0.17309090909090907,0.7210541184498763,False,0.5693470917257852,2.714489051475576,0.06909627066877493,5.647483253821269,0.04867379247621752,8.29764622981609,0.10968144146764175,6.97256474181868,0.3893099816191231,1,1.5454864469791045,0.9353694587059482,1.324627502704055
32,6.5,12.25,3.0,4.1,6.6,20.833333333333336,0.588,0.31199999999999994,0.19679999999999995,0.8423028486313812,False,0.5813601856084155,2.800122835295003,0.17243539697065316,5.365028079031272,0.05542830182613485,7.995701285408501,0.1505495452505783,6.680364682219887,0.41915718205439667,1,1.6278799312534655,0.8529254597599212,1.322773371464185
33,6.5,12.25,3.0,3.3,6.8,20.22058823529412,0.6058181818181818,0.32145454545454544,0.16319999999999998,0.7118122526450944,False,0.5671385492604606,2.697393277332024,0.059137332814745716,5.509566029004489,0.02591843724555532,8.072253292706556,0.052312155241512066,6.790909660855522,0.39720647336548504,1,1.5297957100910033,0.9441646224880174,1.3195032909430542
34,6.0,12.25,3.0,3.7,6.9,19.92753623188406,0.6147272727272727,0.3010909090909091,0.18567272727272727,0.995972082429543,False,0.5697934102834135,2.93153915107829,0.2649852770395302,5.246689501189472,0.04601245577390213,8.030239809744097,0.25919224127990265,6.638464655466785,0.44159896952440103,1,1.6703716902722419,0.790523034655644,1.3188716775681286
35,5.5,12.25,3.0,3.4,7.1,19.366197183098596,0.6325454545454544,0.2839999999999999,0.1755636363636363,0.8568359190863309,False,0.5772234625667934,2.725388625166433,0.14923000183110577,5.376116824350252,0.03834109945710593,7.886944638997845,0.14521872549084236,6.631530731674048,0.41097428865845614,1,1.573158259058721,0.8701478367312613,1.3100879108384265
36,6.5,11.75,3.3,4.2,6.8,20.22058823529412,0.581090909090909,0.32145454545454544,0.2077090909090909,0.643826023816015,False,0.5732223420399701,2.6033481818201762,0.02334424268178796,5.539256225111024,0.043984475081199986,7.929826143158313,0.10043412276981678,6.7345411841346685,0.3865665248217922,1,1.4922973419284595,0.977188279653959,1.3024376773338386
37,6.5,12.75,3.3,3.3,6.7,20.522388059701495,0.6212727272727272,0.3167272727272727,0.16079999999999997,0.7015813092924327,False,0.5814128408924825,2.8078834969625577,0.14333053375155533,5.262844248949994,0.03931058195465329,8.032079946789992,0.11461576075895454,6.647462097869993,0.42239932407621716,1,1.632539520864119,0.8746377101630867,1.3000487480059904
38,6.5,11.75,3.3,4.1,6.8,20.22058823529412,0.581090909090909,0.32145454545454544,0.20276363636363634,0.693050747033168,False,0.5746250746850946,2.863450769788704,0.15096391672048678,5.451229488480969,0.15521454657076192,8.215056549703615,0.08270785750239615,6.833143019092292,0.4190532470618597,1,1.6454106124469259,0.8688369682773047,1.2979497647582947
39,6.5,12.75,3.0,3.6,6.6,20.833333333333336,0.6119999999999999,0.31199999999999994,0.17279999999999998,0.8886755184237456,False,0.5783923295477251,2.5873377363456287,0.11817663464832184,5.2947903671076775,0.058410271576705926,7.942505300800377,0.08580878754974626,6.618647833954027,0.3909163625646381,1,1.496496300651686,0.8943130888390547,1.2936393530091792
40,6.5,12.25,3.0,3.0,6.9,19.92753623188406,0.6147272727272727,0.3261818181818182,0.15054545454545454,0.5029889109227492,False,0.5757209900404853,2.679810426623534,0.015154143855601224,5.587275932582184,0.03594273429215865,8.147463228460225,0.03430092176221893,6.8673695805212045,0.39022370868529077,1,1.5428231119365163,0.9850720760513815,1.293185927819169
41,6.5,11.75,3.0,4.1,6.8,20.22058823529412,0.581090909090909,0.32145454545454544,0.20276363636363634,0.693050747033168,False,0.5710229614201968,2.8385315546011167,0.13805495380301316,5.54198816246155,0.04773832959630051,8.260601859982264,0.13158950996691893,6.901295011221907,0.41130419000861423,1,1.6208666943930048,0.8786921902657882,1.2930918170291639
42,6.5,12.25,3.0,4.0,6.7,20.522388059701495,0.5969090909090908,0.3167272727272727,0.1949090909090909,0.872896063013221,False,0.581097604608301,2.37203878559222,0.02885145380796623,5.375686344697073,0.0358816596306673,7.613068707491566,0.08556254080898844,6.494377526094319,0.3652449793781469,1,1.3783860563456223,0.9719576099142575,1.2886472222046579
43,6.5,12.25,3.3,3.4,6.8,20.22058823529412,0.6058181818181818,0.32145454545454544,0.16814545454545451,0.7733004352545925,False,0.5783532538682575,2.903955722558285,0.2157636214964199,5.472009347697518,0.03840258534628377,8.178030426274098,0.11174519445054777,6.8250198869858085,0.4254867781551306,1,1.6795122412309311,0.8225283125095916,1.2874943824053628
44,6.5,11.75,3.3,3.6,6.9,19.92753623188406,0.5896363636363636,0.3261818181818182,0.18065454545454546,0.7738725557018314,False,0.5642919400392347,2.8082119978608975,0.14911032295406718,5.6037360559391365,0.05379699958990251,8.322758302257117,0.1606641864569564,6.963247179098127,0.40329058062026374,1,1.584651396314381,0.8702384618991649,1.285474001670593
45,6.0,12.25,3.0,4.5,6.6,20.833333333333336,0.588,0.288,0.21599999999999997,0.6356681204216916,False,0.5808469777900827,2.797538128946201,0.12931964853428823,5.146393248959034,0.04894256171659802,7.87746659594762,0.16930266994506957,6.5119299224533265,0.4296020015971313,1,1.6249415674509236,0.8854888881973066,1.281600089653168
46,6.0,12.25,3.3,3.8,6.8,20.22058823529412,0.6058181818181818,0.2967272727272727,0.1879272727272727,0.993560812039367,False,0.5782203755353563,2.4659232087302687,0.11210377883877026,5.2307499050014234,0.02273977342445217,7.694097477205506,0.09464848238558848,6.462423691103465,0.38157869656936866,1,1.4258470437933668,0.8991966568481351,1.2796401574535547
47,5.5,12.25,3.0,3.2,7.1,19.366197183098596,0.6325454545454544,0.2839999999999999,0.16523636363636363,0.7494089387605845,False,0.57680198538038,2.644578488630043,0.1036021672258282,5.40446015229951,0.025347946623521914,7.954459305005265,0.07060846926923442,6.679459728652388,0.39592700548605586,1,1.5253981227360536,0.9061236283304359,1.278289246174222
48,6.5,12.75,3.0,3.0,6.7,20.522388059701495,0.6212727272727272,0.3167272727272727,0.14618181818181816,0.47626333664821,False,0.5817388245182173,2.8366650684667833,0.08950297873004244,5.324960764132056,0.029747232313710213,8.10954658166014,0.0695962292659973,6.717253672896098,0.42229536155715475,1,1.650198202481755,0.9178497163593166,1.2766531524053062
49,6.0,12.25,3.0,3.8,6.8,20.22058823529412,0.6058181818181818,0.2967272727272727,0.1879272727272727,0.993560812039367,False,0.578064441703083,2.4202826399481565,0.0939219627662703,5.218380880386645,0.034313222742449426,7.639414753323335,0.09399555268301998,6.42889781685499,0.3764692967436456,1,1.399079333025295,0.9141419900476596,1.2764865320511825
50,5.5,12.25,3.3,3.7,7.0,19.642857142857146,0.6236363636363635,0.27999999999999997,0.18836363636363634,0.9165392901817108,False,0.578808488393237,2.404046330017323,0.06403400674040222,5.2336945874365455,0.011769441935454338,7.693905211519322,0.08946927417010912,6.463799899477934,0.3719246213379056,1,1.3914824223046356,0.9398195862775419,1.274998900891386
51,6.5,12.75,3.0,3.4,6.6,20.833333333333336,0.6119999999999999,0.31199999999999994,0.16319999999999998,0.7702941567482096,False,0.5813604285315849,2.635532879991198,0.12005119327867114,5.360610815788947,0.07093675325212162,7.995671767352001,0.09165832351246081,6.6781412915704745,0.39465066175193325,1,1.5321945245207649,0.8928163337541285,1.273699204551962
52,6.5,12.25,3.3,3.9,6.7,20.522388059701495,0.5969090909090908,0.3167272727272727,0.19003636363636361,0.8930590903967206,False,0.5803283264097425,2.3796592351787536,0.051224517702195105,5.3624282904435585,0.005323713138274947,7.722748451022011,0.11178055500416773,6.542588370732785,0.3637183176346193,1,1.3809836613767739,0.9512715724951284,1.2715443220731428
53,6.5,11.75,3.0,3.1,7.1,19.366197183098596,0.6067272727272726,0.33563636363636357,0.16007272727272726,0.5602565351456984,False,0.5678403433189184,2.6119906415157725,0.01678466746669657,5.701389422363851,0.027679498671806045,8.171594482332747,0.04499014289443442,6.936491952348299,0.3765578709611999,1,1.4831936626241182,0.9834924069926081,1.2662722872840801
54,6.5,12.75,3.3,3.1,6.7,20.522388059701495,0.6212727272727272,0.3167272727272727,0.15105454545454544,0.5522979490304596,False,0.5816137867375352,2.823103017195965,0.12333835074496317,5.287109654692145,0.034009278224793306,8.058318831867211,0.09159419490173717,6.672714243279678,0.4230816597667448,1,1.641955636181506,0.8902037390042198,1.2653565717426318
55,6.5,12.25,3.3,4.0,6.7,20.522388059701495,0.5969090909090908,0.3167272727272727,0.1949090909090909,0.872896063013221,False,0.5810045507550385,2.4023243068566025,0.06531975440279396,5.256151924033756,0.14591139012302426,7.645521135293733,0.09665959024932642,6.450836529663745,0.372405082009081,1,1.3957613546731298,0.9386853063290735,1.2602219381953126
56,5.5,12.25,3.3,3.5,7.0,19.642857142857146,0.6236363636363635,0.27999999999999997,0.17818181818181816,0.8919270155254131,False,0.5774276846499174,2.331253882984092,0.035729567182589204,5.30788246862576,0.029785356579523668,7.7624243072400905,0.1623040304983506,6.535153387932925,0.3567251974970812,1,1.3461305319826338,0.9655029958449661,1.2575545490127926
57,5.5,12.25,3.0,3.9,6.9,19.92753623188406,0.6147272727272727,0.27599999999999997,0.1957090909090909,0.8775581458032977,False,0.5806431198484987,2.6893641938128128,0.19952894972638668,5.224043821282905,0.02284431288829416,7.741763166713512,0.11634091428500529,6.482903493998208,0.41483946140839406,1,1.5615608159043142,0.8336605800369391,1.2539928242043272
58,6.5,12.25,3.3,3.1,6.9,19.92753623188406,0.6147272727272727,0.3261818181818182,0.15556363636363638,0.5755328281872187,False,0.5741140523549847,2.680288527136019,0.07493159362886981,5.596706470397072,0.05244093897582754,8.189117461170541,0.16227384523713678,6.8929119657838065,0.388847056286354,1,1.5387913077946331,0.9302917561703552,1.2492342744643135
59,6.5,11.75,3.0,3.2,7.0,19.642857142857146,0.598181818181818,0.3309090909090909,0.1629090909090909,0.6196100080486381,False,0.5622899098697832,2.639934121277288,0.053773245854596766,5.714962762070682,0.018339876721248153,8.242517066371988,0.026171085140473078,6.978739914221335,0.37828234806366806,1,1.4844083191151716,0.9489707619109391,1.2479080330801975
60,6.5,11.75,3.3,3.9,6.9,19.92753623188406,0.5896363636363636,0.3261818181818182,0.1957090909090909,0.7594021967261809,False,0.5728713869810181,2.4580744330844997,0.05114701387190026,5.627264818340495,0.05353388197836911,8.045090988129528,0.06419031150025842,6.836177903235011,0.35956852906377573,1,1.4081605097836971,0.9513417122467958,1.2429473660186305
61,6.0,12.25,3.3,4.0,6.8,20.22058823529412,0.6058181818181818,0.2967272727272727,0.1978181818181818,0.9455587135658043,False,0.5798370583149554,2.6868280340539554,0.2334906470077823,5.2632189132832705,0.015592389946321686,7.7766010803706775,0.2407031743715739,6.519909996826974,0.41209587791266233,1,1.5579224634640003,0.8107074037616848,1.242391157370177
62,6.5,11.75,3.3,3.8,6.9,19.92753623188406,0.5896363636363636,0.3261818181818182,0.19069090909090908,0.7797467185304611,False,0.5657613232226767,2.5380864923874293,0.0813748370160784,5.59629652180564,0.030508372719505104,8.09915622254235,0.09361940289926247,6.8477263721739945,0.37064659924220156,1,1.4359511723867142,0.9247487233560729,1.2401521092933596
63,6.0,12.75,3.3,3.5,6.7,20.522388059701495,0.6212727272727272,0.2923636363636363,0.17054545454545453,0.8841174926871561,False,0.581351496347362,2.3588989345820846,0.07029564059407933,5.240784955993731,0.009026740459683887,7.548123717360687,0.2851017390865117,6.394454336677208,0.368897611959155,1,1.371349425351493,0.934321286635288,1.2367375444725208
64,6.5,12.75,3.0,3.5,6.6,20.833333333333336,0.6119999999999999,0.31199999999999994,0.16799999999999998,0.8350305559992387,False,0.5791997975652274,2.5655680434413113,0.14299641896166945,5.286616023982778,0.05363038094738075,7.9302825276592745,0.07269405625809369,6.608449275821027,0.3882254272311968,1,1.485976491401024,0.8748933797259212,1.235729398005228
65,5.5,12.25,3.0,3.1,7.1,19.366197183098596,0.6325454545454544,0.2839999999999999,0.16007272727272726,0.6787875773948427,False,0.5764691853475133,2.6675142579421722,0.12463431325632114,5.411167210431386,0.01847727015797959,8.026243715831955,0.22802426812321486,6.71870546313167,0.3970280097229938,1,1.5377397711788006,0.8891779205140479,1.2355637913842545
66,6.5,12.75,3.0,2.9,6.7,20.522388059701495,0.6212727272727272,0.3167272727272727,0.14130909090909088,0.40296891249722516,False,0.5812466364012784,2.746075768449152,0.0604995859880914,5.3682513859188745,0.02332214486003372,8.038708452753067,0.08260359135289402,6.703479919335971,0.40964928686191565,1,1.5961473037141254,0.9429518061228448,1.2355143300956637
67,6.0,12.25,3.0,3.6,6.9,19.92753623188406,0.6147272727272727,0.3010909090909091,0.18065454545454546,0.9822691910530436,False,0.5338004474094596,2.6292441200809398,0.13202903616356168,5.300131955798337,0.021004699542567767,7.9062257931239115,0.11915928938740471,6.603178874461124,0.39817853946831155,1,1.4034916876478967,0.8833695674352956,1.2332070381227336
68,6.0,12.75,3.0,3.6,6.7,20.522388059701495,0.6212727272727272,0.2923636363636363,0.1754181818181818,0.9323728736251026,False,0.5773054748865353,2.2710379984209466,0.04424852467602543,5.256927064889209,0.05924187569216417,7.487494735335323,0.2465270620431214,6.372210900112266,0.35639718051091734,1,1.311082670163771,0.9576264427189367,1.2300551198148415
69,6.0,12.75,3.0,3.3,6.8,20.22058823529412,0.6305454545454545,0.2967272727272727,0.16319999999999998,0.7599889533595641,False,0.5810979891608088,2.295245188812281,0.009958747578967192,5.340932224612025,0.13886922167377144,7.47785394319773,0.17202240838184227,6.409393083904877,0.35810647884525115,1,1.3337623638498373,0.9901394511381383,1.2255223854852495
70,6.5,12.25,3.3,3.8,6.7,20.522388059701495,0.5969090909090908,0.3167272727272727,0.18516363636363634,0.8964963577886793,False,0.5790406452095406,2.425065122688912,0.11835397672652694,5.368137603879496,0.03788532814484627,7.777833787607824,0.09914531779663319,6.572985695743659,0.36894422640524904,1,1.4042112733169412,0.8941712738636166,1.216617463938167
71,6.0,12.25,3.0,4.6,6.6,20.833333333333336,0.588,0.288,0.22079999999999997,0.5626290097520912,False,0.580855454802548,2.8644819258147893,0.18824198347554152,5.093952618720186,0.011951627927788835,7.890196928712749,0.17654311868794714,6.4920747737164675,0.44122750055372234,1,1.663849951792828,0.8415794206118318,1.2165317011042247
72,6.5,11.75,3.3,4.0,6.8,20.22058823529412,0.581090909090909,0.32145454545454544,0.1978181818181818,0.7315838872747895,False,0.574193881358748,2.562355859591558,0.11224234243547955,5.533699800530053,0.07060052253063671,8.147664382587651,0.06187268145365107,6.840682091558852,0.3745760766683501,1,1.471289056441208,0.8990846345683062,1.216294055764341
73,6.5,11.75,3.0,3.0,7.1,19.366197183098596,0.6067272727272726,0.33563636363636357,0.15490909090909089,0.49675039822564965,False,0.5650190423159995,2.6932397776491146,0.06249337219490018,5.688171072485898,0.03254570193188138,8.25120745453139,0.011269818758812647,6.969689263508643,0.38642178665699917,1,1.5217317598946583,0.9411823416217635,1.2159967516534775
74,6.5,11.75,3.0,4.2,6.8,20.22058823529412,0.581090909090909,0.32145454545454544,0.2077090909090909,0.643826023816015,False,0.5707553330637583,2.667084360089824,0.11895503329680823,5.58741517689209,0.027012103568070097,8.106716119226846,0.10339987605790411,6.847065648059468,0.38952224166942295,1,1.5222526222522081,0.8936909618733045,1.2150591856038855
75,6.0,12.25,3.3,4.2,6.7,20.522388059701495,0.5969090909090908,0.2923636363636363,0.20465454545454545,0.843148230099557,False,0.5809626264724832,2.6476834649527987,0.2083873541116065,5.141561785138374,0.05694107651258718,7.580522798043855,0.05052787236010394,6.361042291591115,0.4162342181646653,1,1.538205139866743,0.8275492097773477,1.2130415592994879
76,6.0,12.75,3.0,3.7,6.7,20.522388059701495,0.6212727272727272,0.2923636363636363,0.18029090909090909,0.964761467069056,False,0.5801945157192586,2.29659535132798,0.08784446173073006,5.2891020301010245,0.19371698156524156,7.490215244881215,0.1549436175147834,6.38965863749112,0.35942379423100623,1,1.332472027666838,0.9192490610367477,1.2119248350461547
77,6.5,11.75,3.0,3.5,7.0,19.642857142857146,0.598181818181818,0.3309090909090909,0.17818181818181816,0.7540248576931181,False,0.5671213240889488,2.6650054207933955,0.15555213503097656,5.669216704996353,0.031039090752749725,8.08981627002054,0.07291603282364591,6.879516487508447,0.3873826635392773,1,1.5113814029445767,0.8653871769906715,1.2114145989668144
78,6.0,12.25,3.3,3.7,6.9,19.92753623188406,0.6147272727272727,0.3010909090909091,0.18567272727272727,0.995972082429543,False,0.5777725384597385,2.8730002774716628,0.3740316588222534,5.234148124599923,0.03460866478829376,7.896353236006407,0.21491754544165798,6.565250680303165,0.43760709489603156,1,1.6599406633103357,0.7277852686867103,1.206620547216743
79,6.5,12.75,3.0,3.7,6.6,20.833333333333336,0.6119999999999999,0.31199999999999994,0.17759999999999998,0.9284941007851917,False,0.5759784566365878,2.3979118146196607,0.12298229952675505,5.3433766301633465,0.030000080782420318,7.697462861757571,0.13787116212710335,6.520419745960458,0.36775421031831873,1,1.3811455461352717,0.8904859857732557,1.2035074198746911
80,6.0,12.25,3.3,3.3,7.0,19.642857142857146,0.6236363636363635,0.3054545454545454,0.16799999999999995,0.8413327929714761,False,0.5674141590926323,2.439269580760928,0.09757163399174583,5.380044434261642,0.028867668919025424,7.718254579490061,0.10505057417248703,6.549149506875851,0.3724559315984429,1,1.3840760979676996,0.9111022634241296,1.2010094015820485
81,6.0,12.75,3.3,4.4,6.5,21.153846153846157,0.6027272727272727,0.2836363636363636,0.208,0.789632532616795,False,0.5814411626349609,2.477763681389037,0.12625898692185777,5.148424270906163,0.1566569423158519,7.454214372465059,0.15556709861543436,6.301319321685611,0.393213477193889,1,1.4406737956415228,0.8878952457756345,1.1984388510995603
82,6.0,12.75,3.0,3.5,6.7,20.522388059701495,0.6212727272727272,0.2923636363636363,0.17054545454545453,0.8841174926871561,False,0.5806579319781691,2.4841442443141335,0.16226636230146263,5.283416948758659,0.023475266062083337,7.72072852373387,0.2697536008623219,6.502072736246264,0.3820542071862863,1,1.4424380596389164,0.8603879733900663,1.1979113420985865
83,6.5,11.75,3.3,3.1,7.1,19.366197183098596,0.6067272727272726,0.33563636363636357,0.16007272727272726,0.5602565351456984,False,0.5628678150512466,2.7035384610165982,0.10475009551269428,5.6705666955595575,0.029856133045898986,8.252217669095224,0.07322250414240705,6.9613921823273905,0.3883617515300982,1,1.5217347864594226,0.9051820896525185,1.1957300692246442
84,5.5,11.75,3.0,3.6,7.2,19.09722222222222,0.6152727272727273,0.28800000000000003,0.18850909090909093,0.9776847533059296,False,0.5576382669348188,2.5995662672427957,0.20435112991391896,5.541740164300389,0.012323573303802111,7.943610408474559,0.10225463947075315,6.742675286387474,0.3855392936526188,1,1.4496176280474886,0.8303226319648781,1.195592398087276
85,6.0,12.25,3.0,3.1,7.0,19.642857142857146,0.6236363636363635,0.3054545454545454,0.1578181818181818,0.6936001142904921,False,0.5700915534338089,2.6383224123722444,0.14470926535760975,5.418156473653508,0.03654886036784298,7.909968459115216,0.12874510503532252,6.664062466384362,0.395903013466752,1,1.504085322528527,0.8735842630640346,1.1931674640772754
86,6.5,12.75,3.3,3.7,6.6,20.833333333333336,0.6119999999999999,0.31199999999999994,0.17759999999999998,0.9284941007851917,False,0.5788350441535768,2.4826645827632765,0.1850965781941106,5.184138793321712,0.031586787328794226,7.691462116531139,0.15832340036864595,6.437800454926426,0.38563863545404803,1,1.4370532633823025,0.8438130852793729,1.1865918385992122
87,6.5,11.75,3.3,4.6,6.6,20.833333333333336,0.564,0.31199999999999994,0.22079999999999997,0.42062726356997765,False,0.5760827611995089,2.5986953143839027,0.044614618293208494,5.5006197625890145,0.03597710712061114,7.858464835320216,0.1279984092448681,6.679542298954615,0.38905290184188407,1,1.4970635722265044,0.957290834809392,1.18403112978854
88,5.5,11.5,3.0,3.6,7.300000000000001,18.835616438356166,0.6105454545454545,0.292,0.19112727272727273,0.9850725057213091,False,0.5585392739555685,2.418333733802189,0.13681669397460863,5.650669442947658,0.0255960863255992,7.878473169012896,0.11009368386900907,6.764571305980277,0.357499924890176,1,1.3507343678601336,0.8796492920100761,1.1828515987870323
89,6.5,12.25,3.3,4.2,6.6,20.833333333333336,0.588,0.31199999999999994,0.20159999999999997,0.8025639030708811,False,0.5810673086483887,2.412222000161167,0.12496113156558622,5.310313591120755,0.010777423277711716,7.635475566618704,0.03173897666563362,6.472894578869729,0.37266511462054114,1,1.4016633454960825,0.8889196008117362,1.1721664210904312
90,6.0,12.75,3.3,3.8,6.7,20.522388059701495,0.6212727272727272,0.2923636363636363,0.18516363636363634,0.9794921100443484,False,0.5815749693356504,2.1195892339117313,0.04536625969157807,5.240087490203882,0.17836087729465222,7.259198931656751,0.1958216242448963,6.249643210930317,0.33915363843565893,1,1.23270004371639,0.9566025215841931,1.1719490745993524
91,6.0,12.25,3.0,2.7,7.1,19.366197183098596,0.6325454545454544,0.30981818181818177,0.1394181818181818,0.3722356821527541,False,0.5710312271205898,2.842551198739315,0.1247061548899454,5.490360604398577,0.016532420890059706,8.207649876622991,0.09772723531894414,6.849005240510785,0.41503124890693227,1,1.6231854991692147,0.8891211234616672,1.171410072002747
92,6.5,11.75,3.0,3.6,6.9,19.92753623188406,0.5896363636363636,0.3261818181818182,0.18065454545454546,0.7738725557018314,False,0.5471970918367437,2.7764225589520635,0.20896162295484044,5.633872055642634,0.03458499675310213,8.276924566001046,0.1982034833450209,6.95539831082184,0.39917520677892065,1,1.5192503499684993,0.8271561156390437,1.1714078126325744
93,5.5,12.25,3.0,3.8,6.9,19.92753623188406,0.6147272727272727,0.27599999999999997,0.19069090909090908,0.9010680867921258,False,0.5805426933567777,2.361302197878984,0.1358360881839816,5.280090384664544,0.056274835191297085,7.561412529842505,0.07528970837506653,6.420751457253525,0.36776103445203756,1,1.3708367377859443,0.8804087230568968,1.1710764442809696
94,6.5,12.75,3.3,3.2,6.7,20.522388059701495,0.6212727272727272,0.3167272727272727,0.15592727272727272,0.6284205578372739,False,0.5798768358417609,2.335454583407833,0.02766106475521884,5.297139161844781,0.01042676775466262,7.670021822424829,0.12969389613222135,6.483580492134805,0.36021062532360937,1,1.354276014078672,0.973083474986174,1.1709207613227783
95,6.0,12.75,3.3,3.9,6.6,20.833333333333336,0.6119999999999999,0.288,0.18719999999999998,0.9808046388358057,False,0.5809389042639844,2.374427474720891,0.17147713316196006,5.167779941729764,0.014503894226489195,7.452990629802563,0.2883547146240164,6.310385285766163,0.37627297973020746,1,1.379397295418654,0.8536231495196819,1.1707047861314972
96,6.5,11.75,3.0,3.4,7.0,19.642857142857146,0.598181818181818,0.3309090909090909,0.17309090909090907,0.7210541184498763,False,0.5654394409158747,2.7231521348549426,0.21092507538123934,5.677320919120325,0.03425687841865774,8.212699579815027,0.07982844112139184,6.945010249467676,0.39210196054983043,1,1.5397776206612495,0.8258149247468237,1.1651614634217502
97,6.5,12.25,3.0,2.9,6.9,19.92753623188406,0.6147272727272727,0.3261818181818182,0.14552727272727273,0.4308216759166411,False,0.5674824803569398,2.833725996279815,0.14734104351996624,5.547019116434836,0.016168887387419607,8.23737866707122,0.06041414908997587,6.8921988917530275,0.41114977103614286,1,1.6080898570208098,0.8715804299409236,1.1622550222655206
98,6.5,11.75,3.3,3.3,7.0,19.642857142857146,0.598181818181818,0.3309090909090909,0.16799999999999995,0.6753757279018732,False,0.5607824685444629,2.5578841113358677,0.11727653453677768,5.667707320045809,0.04879702620367604,8.147113219800541,0.10688302620470523,6.907410269923175,0.37031014683949226,1,1.4344165662055877,0.8950335651814253,1.1588202169084163
99,6.0,12.25,3.0,4.1,6.7,20.522388059701495,0.5969090909090908,0.2923636363636363,0.19978181818181814,0.8960252474465908,False,0.5814400574206089,2.432636330623518,0.18366311735424712,5.229817026297237,0.0244829091358477,7.554909904305324,0.10978861958772831,6.392363465301281,0.38055350635617596,1,1.4144322077611975,0.8448349748661803,1.1576880414948563
100,7.0,11.75,3.3,3.7,6.8,20.22058823529412,0.581090909090909,0.34618181818181815,0.18298181818181816,0.5314989647470378,False,0.5731033120419049,2.3867950181914783,0.016203801920686958,5.773040597662872,0.04067966725541177,8.031793322769381,0.13264612895925246,6.902416960216127,0.34579119632273614,1,1.367880130090655,0.9840545745941308,1.1568783257392121
